Id,title,date,description,title&description,emoji,processed,emotions
6dNh0Vp6JH8,IF YOU KNOW THESE SONGS YOUâ€™RE HEARTBROKENğŸ˜­ #shorts,2022-03-28 20:54:11,,if you know these songs youre heartbroken shorts,['ğŸ˜­'],know song heartbroken short,{}
8n9T31oNV6s,THE BEST SONG EVER 2023!,2023-01-06 01:00:02,,the best song ever 2023,[],best song,{}
Sv5yCzPCkv8,SZA - Snooze (Audio),2022-12-09 05:00:20,"SZAâ€™s New Album â€œSOSâ€ // Available Everywhere Now!
Listen Here // https://sza.lnk.to/SOS  

Follow SZA: 
https://szasos.com 
http://instagram.com/sza 
http://twitter.com/sza 
http://facebook.com/sza 

#SZA #Snooze #SOS #RnB

http://vevo.ly/LlqA8c",sza snooze audio szas new album sos // available everywhere now listen here // follow sza sza snooze sos rnb,[],sza snooze audio sza new album available listen follow sza sza snooze sos rnb,{}
LrvfQWvN85Y,á€á€„á€ºá€¹á€€á€¼á€”á€ºá€á€®á€á€»á€„á€ºá€¸á€€á€±á€¬á€„á€ºá€¸á€™á€»á€¬á€¸á€…á€¯á€…á€Šá€ºá€¸á€™á€¾á€¯ Myanmar Thingyan Songs Collection #thingyan #á€á€„á€ºá€¹á€€á€¼á€”á€º,2023-03-16 22:30:03,"á€á€„á€ºá€¹á€€á€¼á€”á€ºá€á€®á€á€»á€„á€ºá€¸á€€á€±á€¬á€„á€ºá€¸á€™á€»á€¬á€¸á€…á€¯á€…á€Šá€ºá€¸á€‘á€¬á€¸á€á€±á€¬ á€—á€½á€®á€’á€®á€šá€­á€¯á€œá€±á€¸á€•á€«á€á€„á€ºá€—á€»á€¬á‹
á€¡á€¬á€¸á€œá€¯á€¶á€¸á€•á€² á€”á€¾á€…á€ºá€á€…á€ºá€™á€¾á€¬ á€¡á€€á€¼á€®á€¸á€™á€¬á€¸á€†á€¯á€¶á€¸ á€œá€­á€¯á€¡á€„á€ºá€†á€”á€¹á€’á€á€½á€± á€•á€¼á€Šá€·á€ºá€á€”á€­á€¯á€„á€ºá€€á€¼á€•á€«á€…á€±á€á€»á€„á€ºá€—á€»á€¬á‹

#thingyan 
#á€á€„á€ºá€¹á€€á€¼á€”á€º 
#á€™á€¼á€”á€ºá€™á€¬á€á€®á€á€»á€„á€ºá€¸ 
#song
#myanmarwaterfestival",myanmar thingyan songs collection thingyan thingyan song myanmarwaterfestival,[],myanmarwaterfestival,{}
UDVUV39YAcE,Disturbed - The Sound Of Silence (Lyrics),2024-03-10 14:30:17,"Disturbed - The Sound Of Silence (Lyrics)

Disturbed - The Sound Of Silence (Lyrics)

Disturbed - The Sound Of Silence (Lyrics)

Disturbed - The Sound Of Silence (Lyrics)",disturbed the sound of silence lyrics disturbed the sound of silence lyrics disturbed the sound of silence lyrics disturbed the sound of silence lyrics disturbed the sound of silence lyrics,[],disturb sound silence lyric disturb sound silence lyric disturb sound silence lyric disturb sound silence lyric disturb sound silence lyric,{}
ZmL_hsgD5Sw,Pyramid Song by Radiohead (Slowed Reasonably With Reverb),2024-03-08 00:00:13,"Does what is says on the tin really



































































Why you even looking here


































#videos #radiohead #slowedandreverb #slowed #reverb #slowedreverb #slowedsongs #video",pyramid song by radiohead slowed reasonably with reverb does what is says on the tin really why you even looking here videos radiohead slowedandreverb slowed reverb slowedreverb slowedsongs video,[],pyramid song radiohead slow reasonably reverb say tin look video radiohead slowedandreverb slow reverb slowedreverb slowedsong video,{}
8mmZxRFr3Dk,Lush Life - Zara Larsson (sped up),2024-03-15 16:58:28,#zaralarsson #spedup #spedupaudios #spedupmusic #spedupsongs #lushlife,lush life zara larsson sped up zaralarsson spedup spedupaudios spedupmusic spedupsongs lushlife,[],life speed zaralarsson spedup spedupaudio spedupmusic spedupsong lushlife,{}
U1jDXkwVtBk,Jennifer Lopez - Ain&#39;t Your Mama (B95),2024-03-16 05:05:48,,jennifer lopez ain 39 t your mama b95,[],ain t mama b95,{}
uMAOULv4C6s,The Winnie the Pooh horror movie is a mess ğŸ˜‚,2023-03-24 23:37:15,,the winnie the pooh horror movie is a mess,['ğŸ˜‚'],,{}
TBnJLjxb4lU,TOP 10 BEST MOVIES OF 2022,2022-12-31 20:00:11,"2022 had some incredible movies and these are my top ten best movies of 2022 and all the best movies for this year! 

#movies #shorts #youtubeshorts #movieshorts #bestmovies #northman",top 10 best movies of 2022 2022 had some incredible movies and these are my top ten best movies of 2022 and all the best movies for this year movies shorts youtubeshorts movieshorts bestmovies northman,[],best movie incredible movie best movie best movie movie short youtubeshort movieshort bestmovie northman,{}
PbH-3v6MzhY,3 DISTURBING MOVIES youâ€™ve probably NEVER seen!! #shorts,2022-01-28 21:30:05,,3 disturbing movies youve probably never seen shorts,[],disturb movie ve probably see short,{}
P5-8s6AJ5jE,Willy Wonka&#39;s son has a girlfriend (not for kids) #shorts,2022-10-11 19:32:00,,willy wonka 39 s son has a girlfriend not for kids shorts,[],willy wonka s son girlfriend kid short,{}
8GdpdzVwF6w,The book of Daniel Full movieğŸ¿ğŸ¥//christian movies //lions den,2023-02-03 18:52:57,"i do not own this movie!!!
the book of Daniel Full free movie
free ful christian movie
free christian movies
bible movies
Book of Daniel Full movie",the book of daniel full movie//christian movies //lions den i do not own this movie the book of daniel full free movie free ful christian movie free christian movies bible movies book of daniel full movie,"['ğŸ¿', 'ğŸ¥']",book movie //lions den movie book daniel free movie free ful movie free movie bible movie book daniel movie,{}
UCOP-gP2WgKUKfFBMnkR3iaA,FilmIsNow Movies,2008-02-28 14:06:08,,filmisnow movies,[],filmisnow movie,{}
UCh-WSdzF-UkV8g98OK1y4jQ,YouTube Movies,2023-05-16 14:10:48,,youtube movies,[],youtube movie,{}
UClZkHt2kNIgyrTTPnSQV3SA,Get Movies,2006-12-16 19:24:29,,get movies,[],movie,{}
lmW0SnsZSuU,Akshay Kumar &amp; Priyanka Chopra Andaz movies scenesà¥¤,2023-06-11 12:35:00,Akshay Kumar & Priyanka Chopra Andaz movies scenesà¥¤,akshay kumar amp priyanka chopra andaz movies scenes akshay kumar priyanka chopra andaz movies scenes,[],amp priyanka chopra andaz movie scene akshay chopra andaz movie scene,{}
jdaFWigfPCo,Marakathamani Telugu Fantasy Comedy Full Movie || Aadhi Pinisetty || Nikki Galrani || Box Office,2022-09-23 13:00:34,"Marakathamani Telugu Fantasy Comedy Full Movie || Aadhi Pinisetty || Nikki Galrani || Box Office

#boxoffice #marakathamanimovie #aadhipinisetty #nikkigalrani",marakathamani telugu fantasy comedy full movie aadhi pinisetty nikki galrani box office marakathamani telugu fantasy comedy full movie aadhi pinisetty nikki galrani box office boxoffice marakathamanimovie aadhipinisetty nikkigalrani,[],telugu fantasy comedy movie aadhi pinisetty box office marakathamani telugu fantasy comedy movie aadhi pinisetty box office boxoffice marakathamanimovie aadhipinisetty nikkigalrani,{}
LtwFJHKcZIM,new punjabi movies 2024 | punjabi movies 2024 full movie | punjabi movie 2024,2024-02-29 09:20:43,"new punjabi movies 2024 | punjabi movies 2024 full movie | punjabi movie 2024
punjabi movies
punjabi movies
punjabi movies 2024 full movie
punjabi movie
punjabi movies 2023 full movie
new punjabi movie
new punjabi movie 2023
new punjabi movie 2024
new punjabi movie 2023 full movie
latest punjabi movies 2023
punjabi new movie

punjabi movies
punjabi movies 2023 full movie
punjabi movie
new punjabi movie
punjabi film
new punjabi movie 2023
movies 2023 full movie
new punjabi movie 2023 full movie
punjabi new movie
punjabi comedy movies
punjabi movie new
panjabi movie 2023.com
new punjabi film
new punjabi movies
panjabi.movie 2023
ammy virk new movie
indian punjabi movie
punjabi movie 2023
punjabi new film
maurh punjabi movie
latest punjabi movies
oye makhna full movie
new movie 2023
punjabi movie 2023 full movie
punjabi full movie
punjabi movies 2023
new punjabi movies 2023 full movie
punjabi movies 2023 full movie new
punjabi movie 2022 full movie
hindi movie
punjabi movies new
punjabi new movie 2023
punjabi picture
latest punjabi movies 2023
punjabi comedy movie
new indian punjabi movie
punjabi film new
punjabi film 2023
carry on jatta 3 full movie
punjabi movies 2023 full movie hd
indian punjabi movie 2023
new panjabi movie 2023.com
new movie punjabi
new movies
gippy grewal new movie
punjabi funny movies",new punjabi movies 2024 punjabi movies 2024 full movie punjabi movie 2024 new punjabi movies 2024 punjabi movies 2024 full movie punjabi movie 2024 punjabi movies punjabi movies punjabi movies 2024 full movie punjabi movie punjabi movies 2023 full movie new punjabi movie new punjabi movie 2023 new punjabi movie 2024 new punjabi movie 2023 full movie latest punjabi movies 2023 punjabi new movie punjabi movies punjabi movies 2023 full movie punjabi movie new punjabi movie punjabi film new punjabi movie 2023 movies 2023 full movie new punjabi movie 2023 full movie punjabi new movie punjabi comedy movies punjabi movie new panjabi movie 2023.com new punjabi film new punjabi movies panjabi.movie 2023 ammy virk new movie indian punjabi movie punjabi movie 2023 punjabi new film maurh punjabi movie latest punjabi movies oye makhna full movie new movie 2023 punjabi movie 2023 full movie punjabi full movie punjabi movies 2023 new punjabi movies 2023 full movie punjabi movies 2023 full movie new punjabi movie 2022 full movie hindi movie punjabi movies new punjabi new movie 2023 punjabi picture latest punjabi movies 2023 punjabi comedy movie new indian punjabi movie punjabi film new punjabi film 2023 carry on jatta 3 full movie punjabi movies 2023 full movie hd indian punjabi movie 2023 new panjabi movie 2023.com new movie punjabi new movies gippy grewal new movie punjabi funny movies,[],new punjabi movie punjabi movie movie punjabi movie new punjabi movie punjabi movie movie punjabi movie punjabi movie punjabi movie punjabi movie movie punjabi movie punjabi movie movie new punjabi movie new punjabi movie new punjabi movie new punjabi movie movie latest punjabi movie punjabi new movie punjabi movie punjabi movie movie punjabi movie new punjabi movie punjabi film new punjabi movie movie movie new punjabi movie movie punjabi new movie punjabi comedy movie punjabi movie new panjabi movie 2023.com new punjabi film new punjabi movie panjabi.movie ammy virk new movie punjabi movie punjabi movie punjabi new film maurh punjabi movie latest punjabi movie oye makhna movie new movie punjabi movie movie punjabi movie punjabi movie new punjabi movie movie punjabi movie movie new punjabi movie movie hindi movie punjabi movie new punjabi new movie punjabi picture latest punjabi movie punjabi comedy movie new punjabi movie punjabi film new punjabi film carry jatta movie punjabi movie movie hd punjabi movie new panjabi movie 2023.com new movie punjabi new movie gippy grewal new movie punjabi funny movie,{}
UCOpzwVUNsep7FpN5687XYEA,Sci-Fi Central,2015-04-09 04:04:15,,sci fi central,[],fi central,{}
R6wSpPrO7i4,ĞŸĞµÑ€Ğ²Ğ¾Ñ…Ğ¾Ğ´ ÑĞ¿Ğ°Ñ ÑÑ‚Ğ°Ñ€Ğ¾Ğ³Ğ¾ Ğ·ÑĞºĞ° Ğ¾Ñ‚ Ğ±ĞµÑˆĞµĞ½Ñ‹Ñ… Ğ¾Ñ‚Ğ¼Ğ¾Ñ€Ğ¾Ğ·ĞºĞ¾Ğ²ğŸ˜±#shorts #movie #Ğ±Ğ°Ğ½Ğ´Ğ¸Ñ‚Ñ‹ #ÑĞµÑ€Ğ¸Ğ°Ğ» #ĞºĞ¸Ğ½Ğ¾ #Ñ„Ğ¸Ğ»ÑŒĞ¼ #Ñ‚Ğ¾Ğ¿,2024-03-18 06:28:09,,shorts movie,['ğŸ˜±'],short movie,{}
JizoCRERNN4,à®‡à®µà®³à¯‹Azhaga à®‡à®°à¯à®¨à¯à®¤à®¾ à®¨à®¾ Enna thaa à®Ÿà®¿ à®ªà®£à¯à®±à®¤à¯ ğŸ˜˜  | Anything But Kalyanam,2023-01-27 07:59:16,"Follow us on

Instagram : https://www.instagram.com/tickentertainment/
Facebook : https://www.facebook.com/people/Tick-Entertainment/100079011134905/

#tamilwebseries
#tamilshortfilms
#besttamilshortfilm
#tamilcomedywebseries
#tamilwebseries2022
#tamilwebserieslist
#besttamilwebseries
#youtubewebseries
#webseriesintamil
#tamilwebseriesonline
#bestwebseriesinyoutube
#topwebseriesonyoutube
#bestwebseriesintamil
#bestwebseriestamil
#shortfilmtamilcomedy
#tamilcomedyshortfilms
#tamilcomedywebseries
#comedywebseriestamil
#tickentertainmenttamil
#tickentertainment
#anythingbutkalyanam
#tamilcomedywebseries",azhaga enna thaa anything but kalyanam follow us on instagram facebook tamilwebseries tamilshortfilms besttamilshortfilm tamilcomedywebseries tamilwebseries2022 tamilwebserieslist besttamilwebseries youtubewebseries webseriesintamil tamilwebseriesonline bestwebseriesinyoutube topwebseriesonyoutube bestwebseriesintamil bestwebseriestamil shortfilmtamilcomedy tamilcomedyshortfilms tamilcomedywebseries comedywebseriestamil tickentertainmenttamil tickentertainment anythingbutkalyanam tamilcomedywebseries,['ğŸ˜˜'],thaa follow instagram facebook tamilwebserie tamilshortfilm besttamilshortfilm tamilcomedywebserie tamilwebserieslist webseriesintamil tamilwebseriesonline bestwebseriesinyoutube topwebseriesonyoutube bestwebseriesintamil bestwebseriestamil shortfilmtamilcomedy tamilcomedyshortfilm tamilcomedywebserie tickentertainment anythingbutkalyanam tamilcomedywebserie,{}
NA8R_ccxyps,ğŸ˜±Estos niÃ±os con superpoderes viven en un bucle de tiempo... #viral #movie  #pelicula #resumen,2024-03-17 23:30:06,,estos nios con superpoderes viven en un bucle de tiempo... viral movie pelicula resumen,['ğŸ˜±'],estos nio con superpodere viven en tiempo viral movie pelicula resuman,{}
FTPcIRFame4,Telugu Released Hindi Dubbed Movie | Satya Karthik &amp; Pooja | South Movies,2023-03-21 14:31:39,Telugu Released Hindi Dubbed Movie | Satya Karthik & Pooja | South Movies,telugu released hindi dubbed movie satya karthik amp pooja south movies telugu released hindi dubbed movie satya karthik pooja south movies,[],telugu release movie satya karthik amp pooja south movie telugu release movie satya karthik pooja south movie,{}
61hvU643BCk,ye ladki sbke sath so jati h ğŸ™‚ğŸ˜±.. #moviereview #hollywoodmovies #movies #horrorstories,2023-06-07 09:30:03,,ye ladki sbke sath so jati h .. moviereview hollywoodmovies movies horrorstories,"['ğŸ™‚', 'ğŸ˜±']",ye ladki sbke sath jati h moviereview hollywoodmovie movie horrorstorie,{}
UClgRkhTL3_hImCAmdLfDE4g,YouTube Movies,2015-06-10 20:32:27,,youtube movies,[],youtube movie,{}
P7Xpiri62hk,ğŸ¤– àª°à«‹àª¬à«‹àªŸ àª¨à«€ àªµàªšà«àªšà«‡ àª«àª¸àª¾àª¯à«‹ àªàª• àª®àª¾àª£àª¸ ğŸ˜± #shortsfeed #shorts #short#movie,2024-03-17 13:00:19,"#shortsfeed #shorts #short
#movie 
Gujarati movie
movie Hindi
Hindi dubbed movie
Gujarati comedy
Gujarati song
gujrati
gujrati movie
Gujarati song
àª—à«àªœàª°àª¾àª¤à«€ àª•à«‹àª®à«‡àª¡à«€
gujju comedy video
gujrati movie video",shortsfeed shorts short movie shortsfeed shorts short movie gujarati movie movie hindi hindi dubbed movie gujarati comedy gujarati song gujrati gujrati movie gujarati song gujju comedy video gujrati movie video,"['ğŸ¤–', 'ğŸ˜±']",shortsfeed short short movie shortsfeed short short movie movie movie hindi hindi dub movie song gujarati song gujju comedy video gujrati movie video,{}
vD5r6hb7R2w,Chatrapathi Telugu Full Length Movie | Prabhas Telugu Movies | S S Rajamouli | 90 ML Movies,2022-06-05 06:43:10,"Chatrapathi Telugu Full Length Movie | Prabhas Telugu Movies | S S Rajamouli | 90 ML Movies
Chatrapathi #Prabhas #SSRajamouli",chatrapathi telugu full length movie prabhas telugu movies s s rajamouli 90 ml movies chatrapathi telugu full length movie prabhas telugu movies s s rajamouli 90 ml movies chatrapathi prabhas ssrajamouli,[],chatrapathi telugu length movie prabha telugu movie s s rajamouli ml movie chatrapathi telugu length movie prabha telugu movie s s rajamouli ml movie chatrapathi prabhas ssrajamouli,{}
OrmvJ8egEsI,Live in Relationship || @SocialPostPolitics  || RMedia || Telugu Short films 2021 || #shorts,2021-12-30 13:30:11,,live in relationship socialpostpolitics rmedia telugu short films 2021 shorts,[],live relationship socialpostpolitic rmedia telugu short film short,{}
yTgoAFAJD4o,Rolex- South Indian Movies Dubbed in Hindi Full Movie 2023  New Movie Suriya Vikram Movie,2022-07-31 07:50:33,"Rolex- South Indian Movies Dubbed in Hindi Full Movie 2022  New Movie Suriya Vikram Movie

#vikram #vikrammovie #vikramhindidubbed #southindiandubbedfullmovie #hindidubbedmovies #newmovies #rolex",rolex south indian movies dubbed in hindi full movie 2023 new movie suriya vikram movie rolex south indian movies dubbed in hindi full movie 2022 new movie suriya vikram movie vikram vikrammovie vikramhindidubbed southindiandubbedfullmovie hindidubbedmovies newmovies rolex,[],movie new movie suriya vikram movie rolex movie dub hindi movie new movie suriya vikram movie vikram vikrammovie vikramhindidubbe southindiandubbedfullmovie hindidubbedmovie newmovies rolex,{}
UCdJFsQlTo5ap0YUivGQDupg,YouTube Movies,2023-05-16 13:20:13,,youtube movies,[],youtube movie,{}
UC7Rok5XtEOnGhM-zzctB2Gw,YouTube Movies,2023-04-19 17:18:06,,youtube movies,[],youtube movie,{}
UCPRGngCddxEVPnEt8GIeV7A,YouTube Movies,2023-05-16 13:23:46,,youtube movies,[],youtube movie,{}
UCuVZtgIDDPA9INkJZ_QhnXA,YouTube Movies,2023-05-16 14:07:44,,youtube movies,[],youtube movie,{}
UCxBt32jhPJ4sKiJ_HlF5thQ,YouTube Movies,2023-05-16 13:02:06,,youtube movies,[],youtube movie,{}
UCk1tRFeTsTxndYYjA38J6zw,YouTube Movies,2023-05-16 14:11:02,,youtube movies,[],youtube movie,{}
UCVp4of0JgGF0BZHQCh9cNHw,YouTube Movies,2023-05-16 13:27:58,,youtube movies,[],youtube movie,{}
UCfkaNxGp56TMX-Zg86fozxQ,YouTube Movies,2023-02-06 10:20:08,,youtube movies,[],youtube movie,{}
UCjzSS8T7T8pJg9G7K963UMA,YouTube Movies,2023-05-16 14:16:00,,youtube movies,[],youtube movie,{}
UCt6Sd1HlkblpHb3VkJpc6Wg,YouTube Movies,2023-05-15 14:29:17,,youtube movies,[],youtube movie,{}
UC8QebGp9X09Jv-XiW0Ez5gg,YouTube Movies,2023-05-04 05:33:20,,youtube movies,[],youtube movie,{}
UC8QKxoif5dbNL07sv-XiC_w,YouTube Movies,2022-10-20 08:59:49,,youtube movies,[],youtube movie,{}
UCSlkDWGVLs2xCpG64g2m3hA,YouTube Movies,2023-05-15 14:49:17,,youtube movies,[],youtube movie,{}
UCU9wUcQ3KaQl1lPInbXhwww,YouTube Movies,2023-05-16 15:03:24,,youtube movies,[],youtube movie,{}
UC6SCR1T165M-R1duRk3EljQ,YouTube Movies,2023-05-16 14:20:03,,youtube movies,[],youtube movie,{}
UCtYffbygzWKTy8-yCBsLbYg,YouTube Movies,2023-05-02 13:48:54,,youtube movies,[],youtube movie,{}
UCBRqnM9IxNPdCiL5YUxiddg,YouTube Movies,2023-04-30 14:27:11,,youtube movies,[],youtube movie,{}
UCWQ3jfC4s6D_EsXaqOtGugw,YouTube Movies,2023-05-08 13:51:12,,youtube movies,[],youtube movie,{}
UCt5yb2X4wr9ZmyjUyUr0Bvg,YouTube Movies,2023-02-06 21:53:42,,youtube movies,[],youtube movie,{}
UC4UAs65IWcuiWBelHLW3gbg,YouTube Movies,2023-05-02 11:59:12,,youtube movies,[],youtube movie,{}
UCRA1k4U6oAtPSEzNpgRzFrw,YouTube Movies,2022-11-04 10:48:24,,youtube movies,[],youtube movie,{}
UCuHaPPC6EReozzmf0HgX1Aw,YouTube Movies,2016-05-02 16:36:11,,youtube movies,[],youtube movie,{}
ghqOTUha_m0,"New Movie 2023   Devdas   Shahrukh Khan,Aishwarya Rai   Full Bollywood Movie   New Hindi Movie",2023-06-12 12:30:14,https://instagram.com/abhayshukl22?igshid=OGQ5ZDc2ODk2ZA%3D%3D amazing film #abhayshukla #youtube,new movie 2023 devdas shahrukh khan aishwarya rai full bollywood movie new hindi movie abhayshukla youtube,[],new movie devda shahrukh aishwarya rai bollywood movie new hindi movie abhayshukla youtube,{}
UC7LtkG3GQxhJqYqEYnTR1og,YouTube Movies,2016-03-01 13:49:21,,youtube movies,[],youtube movie,{}
j9ODdgwrdAg,"Dumdaar Khiladi Hindi Dubbed Movie | Ram Pothineni, Anupama Parmeswaran | South Movie",2023-02-15 11:54:20,"Dumdaar Khiladi Hindi Dubbed Movie | Ram Pothineni, Anupama Parmeswaran | South Movie",dumdaar khiladi hindi dubbed movie ram pothineni anupama parmeswaran south movie dumdaar khiladi hindi dubbed movie ram pothineni anupama parmeswaran south movie,[],dumdaar khiladi anupama dumdaar khiladi,{}
z7bQ8deGrJY,Honsla Rakh || Diljit Dosanjh ||  Punjabi Movies  2022 Full Movie || New Punjabi Movie 2022,2022-07-17 16:52:32,,honsla rakh diljit dosanjh punjabi movies 2022 full movie new punjabi movie 2022,[],punjabi movie movie new punjabi movie,{}
ly-OZ7AMywU,Savyasachi Hindi Dubbed Movie | Naga Chaitanya | Niddhi Agerwal,2023-02-11 12:33:36,Savyasachi Hindi Dubbed Movie | Naga Chaitanya | Niddhi Agerwal,savyasachi hindi dubbed movie naga chaitanya niddhi agerwal savyasachi hindi dubbed movie naga chaitanya niddhi agerwal,[],agerwal agerwal,{}
dwkrkSIO7Y4,Sniper US Vs Sniper Iraq #movieclip #movies #short #sniper,2024-03-17 13:22:09,Sniper US Vs Sniper Iraq #movieclip #movies #short #sniper,sniper us vs sniper iraq movieclip movies short sniper sniper us vs sniper iraq movieclip movies short sniper,[],sniper vs sniper movieclip movie short sniper sniper vs sniper movieclip movie short sniper,{}
0aDRDFlHgu8,Ø¨ÙŠÙ‡Ø¬Ù… Ø¹Ù„ÙŠÙ‡Ù… Ø§Ù„Ø¹Ù†Ø§ÙƒØ¨ #movie #movies #Ù…Ù„Ø®Øµ_ÙÙŠÙ„Ù… #Ù…Ø±Ø§Ø¬Ø¹Ø©_ÙÙŠÙ„Ù… #moviereview #Ù…Ù„Ø®ØµØ§Øª_Ø£ÙÙ„Ø§Ù… #shorts,2024-03-17 12:20:59,,movie movies moviereview shorts,[],movie movie moviereview short,{}
UCGBzBkV-MinlBvHBzZawfLQ,Movie Central,2016-10-04 04:11:37,,movie central,[],movie central,{}
UCBOmfqgTZi7yDp4-3Lr_3lA,Shemaroo Movies,2011-03-01 09:00:12,,shemaroo movies,[],shemaroo movie,{}
